group,function,value,throughput_num,throughput_type,sample_measured_value,unit,iteration_count
benchmarks,create_transaction_from_bundle,16384000,32768,bytes,93166100.0,ns,2
benchmarks,create_transaction_from_bundle,16384000,32768,bytes,91571600.0,ns,2
benchmarks,create_transaction_from_bundle,16384000,32768,bytes,86041800.0,ns,2
benchmarks,create_transaction_from_bundle,16384000,32768,bytes,93823400.0,ns,2
benchmarks,create_transaction_from_bundle,16384000,32768,bytes,100093200.0,ns,2
benchmarks,create_transaction_from_bundle,16384000,32768,bytes,84857500.0,ns,2
benchmarks,create_transaction_from_bundle,16384000,32768,bytes,84112600.0,ns,2
benchmarks,create_transaction_from_bundle,16384000,32768,bytes,90214100.0,ns,2
benchmarks,create_transaction_from_bundle,16384000,32768,bytes,83596400.0,ns,2
benchmarks,create_transaction_from_bundle,16384000,32768,bytes,83003100.0,ns,2
benchmarks,create_transaction_from_bundle,16384000,32768,bytes,83720700.0,ns,2
benchmarks,create_transaction_from_bundle,16384000,32768,bytes,84194400.0,ns,2
benchmarks,create_transaction_from_bundle,16384000,32768,bytes,88093800.0,ns,2
benchmarks,create_transaction_from_bundle,16384000,32768,bytes,82388000.0,ns,2
benchmarks,create_transaction_from_bundle,16384000,32768,bytes,85416700.0,ns,2
benchmarks,create_transaction_from_bundle,16384000,32768,bytes,89075600.0,ns,2
benchmarks,create_transaction_from_bundle,16384000,32768,bytes,83591200.0,ns,2
benchmarks,create_transaction_from_bundle,16384000,32768,bytes,84968000.0,ns,2
benchmarks,create_transaction_from_bundle,16384000,32768,bytes,85617700.0,ns,2
benchmarks,create_transaction_from_bundle,16384000,32768,bytes,86003600.0,ns,2
benchmarks,create_transaction_from_bundle,16384000,32768,bytes,85951000.0,ns,2
benchmarks,create_transaction_from_bundle,16384000,32768,bytes,92991400.0,ns,2
benchmarks,create_transaction_from_bundle,16384000,32768,bytes,104298900.0,ns,2
benchmarks,create_transaction_from_bundle,16384000,32768,bytes,93549000.0,ns,2
benchmarks,create_transaction_from_bundle,16384000,32768,bytes,86499800.0,ns,2
benchmarks,create_transaction_from_bundle,16384000,32768,bytes,87505400.0,ns,2
benchmarks,create_transaction_from_bundle,16384000,32768,bytes,84837700.0,ns,2
benchmarks,create_transaction_from_bundle,16384000,32768,bytes,84157100.0,ns,2
benchmarks,create_transaction_from_bundle,16384000,32768,bytes,94325400.0,ns,2
benchmarks,create_transaction_from_bundle,16384000,32768,bytes,86610800.0,ns,2
benchmarks,create_transaction_from_bundle,16384000,32768,bytes,86601000.0,ns,2
benchmarks,create_transaction_from_bundle,16384000,32768,bytes,85414900.0,ns,2
benchmarks,create_transaction_from_bundle,16384000,32768,bytes,87221900.0,ns,2
benchmarks,create_transaction_from_bundle,16384000,32768,bytes,86778000.0,ns,2
benchmarks,create_transaction_from_bundle,16384000,32768,bytes,99812300.0,ns,2
benchmarks,create_transaction_from_bundle,16384000,32768,bytes,108921700.0,ns,2
benchmarks,create_transaction_from_bundle,16384000,32768,bytes,85028300.0,ns,2
benchmarks,create_transaction_from_bundle,16384000,32768,bytes,85573100.0,ns,2
benchmarks,create_transaction_from_bundle,16384000,32768,bytes,83643900.0,ns,2
benchmarks,create_transaction_from_bundle,16384000,32768,bytes,84469400.0,ns,2
benchmarks,create_transaction_from_bundle,16384000,32768,bytes,82834000.0,ns,2
benchmarks,create_transaction_from_bundle,16384000,32768,bytes,89071700.0,ns,2
benchmarks,create_transaction_from_bundle,16384000,32768,bytes,83283500.0,ns,2
benchmarks,create_transaction_from_bundle,16384000,32768,bytes,81800600.0,ns,2
benchmarks,create_transaction_from_bundle,16384000,32768,bytes,85623300.0,ns,2
benchmarks,create_transaction_from_bundle,16384000,32768,bytes,87651400.0,ns,2
benchmarks,create_transaction_from_bundle,16384000,32768,bytes,82826500.0,ns,2
benchmarks,create_transaction_from_bundle,16384000,32768,bytes,82632000.0,ns,2
benchmarks,create_transaction_from_bundle,16384000,32768,bytes,80805800.0,ns,2
benchmarks,create_transaction_from_bundle,16384000,32768,bytes,80633500.0,ns,2
benchmarks,create_transaction_from_bundle,16384000,32768,bytes,80981700.0,ns,2
benchmarks,create_transaction_from_bundle,16384000,32768,bytes,82073700.0,ns,2
benchmarks,create_transaction_from_bundle,16384000,32768,bytes,81889500.0,ns,2
benchmarks,create_transaction_from_bundle,16384000,32768,bytes,81612200.0,ns,2
benchmarks,create_transaction_from_bundle,16384000,32768,bytes,81083000.0,ns,2
benchmarks,create_transaction_from_bundle,16384000,32768,bytes,81739800.0,ns,2
benchmarks,create_transaction_from_bundle,16384000,32768,bytes,81294400.0,ns,2
benchmarks,create_transaction_from_bundle,16384000,32768,bytes,89579200.0,ns,2
benchmarks,create_transaction_from_bundle,16384000,32768,bytes,82761800.0,ns,2
benchmarks,create_transaction_from_bundle,16384000,32768,bytes,82425200.0,ns,2
benchmarks,create_transaction_from_bundle,16384000,32768,bytes,81774900.0,ns,2
benchmarks,create_transaction_from_bundle,16384000,32768,bytes,81617900.0,ns,2
benchmarks,create_transaction_from_bundle,16384000,32768,bytes,83332300.0,ns,2
benchmarks,create_transaction_from_bundle,16384000,32768,bytes,83724100.0,ns,2
benchmarks,create_transaction_from_bundle,16384000,32768,bytes,83912900.0,ns,2
benchmarks,create_transaction_from_bundle,16384000,32768,bytes,82060800.0,ns,2
benchmarks,create_transaction_from_bundle,16384000,32768,bytes,81390600.0,ns,2
benchmarks,create_transaction_from_bundle,16384000,32768,bytes,81692300.0,ns,2
benchmarks,create_transaction_from_bundle,16384000,32768,bytes,89020300.0,ns,2
benchmarks,create_transaction_from_bundle,16384000,32768,bytes,87092500.0,ns,2
benchmarks,create_transaction_from_bundle,16384000,32768,bytes,85028100.0,ns,2
benchmarks,create_transaction_from_bundle,16384000,32768,bytes,83260600.0,ns,2
benchmarks,create_transaction_from_bundle,16384000,32768,bytes,84990400.0,ns,2
benchmarks,create_transaction_from_bundle,16384000,32768,bytes,83632900.0,ns,2
benchmarks,create_transaction_from_bundle,16384000,32768,bytes,84301800.0,ns,2
benchmarks,create_transaction_from_bundle,16384000,32768,bytes,84485700.0,ns,2
benchmarks,create_transaction_from_bundle,16384000,32768,bytes,83457600.0,ns,2
benchmarks,create_transaction_from_bundle,16384000,32768,bytes,81133900.0,ns,2
benchmarks,create_transaction_from_bundle,16384000,32768,bytes,82541800.0,ns,2
benchmarks,create_transaction_from_bundle,16384000,32768,bytes,81378000.0,ns,2
benchmarks,create_transaction_from_bundle,16384000,32768,bytes,88291500.0,ns,2
benchmarks,create_transaction_from_bundle,16384000,32768,bytes,83303200.0,ns,2
benchmarks,create_transaction_from_bundle,16384000,32768,bytes,83953200.0,ns,2
benchmarks,create_transaction_from_bundle,16384000,32768,bytes,85902000.0,ns,2
benchmarks,create_transaction_from_bundle,16384000,32768,bytes,84690000.0,ns,2
benchmarks,create_transaction_from_bundle,16384000,32768,bytes,85256900.0,ns,2
benchmarks,create_transaction_from_bundle,16384000,32768,bytes,84210300.0,ns,2
benchmarks,create_transaction_from_bundle,16384000,32768,bytes,90664400.0,ns,2
benchmarks,create_transaction_from_bundle,16384000,32768,bytes,86574600.0,ns,2
benchmarks,create_transaction_from_bundle,16384000,32768,bytes,86760800.0,ns,2
benchmarks,create_transaction_from_bundle,16384000,32768,bytes,84327000.0,ns,2
benchmarks,create_transaction_from_bundle,16384000,32768,bytes,88893400.0,ns,2
benchmarks,create_transaction_from_bundle,16384000,32768,bytes,81758200.0,ns,2
benchmarks,create_transaction_from_bundle,16384000,32768,bytes,82477100.0,ns,2
benchmarks,create_transaction_from_bundle,16384000,32768,bytes,80897100.0,ns,2
benchmarks,create_transaction_from_bundle,16384000,32768,bytes,84245400.0,ns,2
benchmarks,create_transaction_from_bundle,16384000,32768,bytes,83305100.0,ns,2
benchmarks,create_transaction_from_bundle,16384000,32768,bytes,82103900.0,ns,2
benchmarks,create_transaction_from_bundle,16384000,32768,bytes,87889100.0,ns,2
benchmarks,create_transaction_from_bundle,16384000,32768,bytes,85123600.0,ns,2
